model,domain,friction,n,maps,reward_mean,reward_std,steps_mean,steps_std
A,flat,default,100,1,144.574707,25.745613,933.5,150.759311
A,flat,high,100,1,130.27499,27.25637,916.34,166.201517
A,flat,low,100,1,123.010321,26.157375,928.59,156.88824700000004
B,rough,default,200,2,98.08966550000001,28.879238949226924,893.56,222.26825331236947
B,rough,high,200,2,96.325315,26.532592614882937,904.47,209.58153329810045
B,rough,low,200,2,104.12806,23.928540026028916,920.71,177.70781055029053
C,rough,default,200,2,90.5452335,26.243003736992016,889.475,226.11346552212285
C,rough,high,200,2,83.0779145,27.279760360483166,865.295,249.56425597028652
C,rough,low,200,2,103.61654400000002,22.123130641563233,921.235,176.14346350755272
